{
    "TeamConfig": [
        [
            7.885137214334076,
            5.211704085445505,
            134.72612961927877,
            37.385391686026566,
            0.5786422618875696,
            4.463664931119704,
            4.0667749447510655
        ],
        [
            8.497121164593864,
            4.531598251087226,
            126.90030672391974,
            63.663331806841704,
            0.7461060460363159,
            2.833801340633195,
            5.519386008941415
        ]
    ],
    "TeamAverageScore": 79.803890838921156,
    "TeamAverageWinsRate": 1
}