{
    "TeamConfig": [
        [
            6.91256418840724,
            2.7436333702303246,
            119.70132284465502,
            29.69908605912442,
            0.6912526628726278,
            14.888898232865325,
            6.546618728041965
        ],
        [
            6.181774760473667,
            6.637099819715674,
            134.97630366386784,
            64.03925811513054,
            0.8723730664365065,
            8.220554503747655,
            6.051123341435527
        ]
    ],
    "TeamAverageScore": 74.48740426582661,
    "TeamAverageWinsRate": 0.9
}