{
    "TeamConfig": [
        [
            1.9164322224453167,
            3.936516774142845,
            142.54055817026696,
            46.80165582107413,
            0.7725100500809179,
            16.462930981858463,
            2.303013929199615
        ],
        [
            5.487211178330238,
            5.203867434474139,
            130.92195748616746,
            20.640283517729962,
            0.7027300008183971,
            3.506864202720557,
            6.817929324367517
        ]
    ],
    "TeamAverageScore": 56.181845529848864,
    "TeamAverageWinsRate": 0.7
}