{
    "TeamConfig": [
        [
            6.766702274542752,
            5.779125257918791,
            116.89598564069055,
            20.86430276596593,
            0.6475917531993183,
            4.429114027777533,
            3.273974399683279
        ],
        [
            8.654645677836509,
            1.1881908809306527,
            177.66240413259882,
            41.991413067054516,
            0.7281260532477207,
            4.775707586794829,
            1.6627990608428136
        ]
    ],
    "TeamAverageScore": 57.70904050820811,
    "TeamAverageWinsRate": 0.7
}