{
    "TeamConfig": [
        [
            10.202890083412314,
            4.651189868745294,
            370.11624525116355,
            61.202943329227324,
            0.6641773722665317,
            7.229883201934273,
            3.2136480435175816
        ],
        [
            7.145214065108561,
            0.5058498832549205,
            172.0716171400784,
            55.4915365029811,
            0.8087325750552578,
            4.611217541324355,
            1.446419508460414
        ]
    ],
    "TeamAverageScore": 71.9677935771517,
    "TeamAverageWinsRate": 0.9
}